Episode,Total_Waiting_Time,Total_Avg_Waiting_Time,Total_Avg_Speed,Total_Reward
1,1206041.0,167.50569444444446,10.726629946398443,-5556.758969163957
